{
	"apples": [
		{ "region": "sleep", "count": "10"},
		{ "region": "Drive", "count": "2"},
		{ "region": "Office", "count": "5"},
		{ "region": "Bar", "count": "3"},
		{ "region": "Restaurant", "count": "2"},
		{ "region": "Walk", "count": "1"},
		{ "region": "Gym", "count": "1"}
		
	],
	"oranges": [
		{ "region": "sleep", "count": "49"},
		{ "region": "Restaurant", "count": "5"},
		{ "region": "Hospital", "count": "3"},
		{ "region": "Bar", "count": "5"},
		{ "region": "Drive", "count": "12"},
		{ "region": "Walk", "count": "3"},
		{ "region": "Spritual", "count": "1"},
		{ "region": "Gym", "count": "4"},
		{ "region": "Smoking", "count": "2"},
		{ "region": "Office", "count": "40"},
		{ "region": "Seminar", "count": "2"},
		{ "region": "Outside Country", "count": "38"}
	]
}