{
	"daily": [
		{ "region": "sleep", "count": "7"},
        { "region": "work", "count": "8"},
        { "region": "Gym", "count": "2"},
        { "region": "Recreation", "count": "2"},
        { "region": "Outdoors", "count": "1"},
        { "region": "Shopping", "count": "1"}		
	],
	"weekly": [
		{ "region": "sleep", "count": "10"},
        { "region": "work", "count": "12"},
        { "region": "Gym", "count": "0"},
        { "region": "Recreation", "count": "0"},
        { "region": "Outdoors", "count": "1"},
        { "region": "Shopping", "count": "1"}
	]
}